Descrizione,Anno,Retribuzione/Reddito,Aliquota di computo (%),Contribuzione nell'anno,Montante Contributivo
Dati dimostrativi,2021,"€ 24.000,00","33,00","€ 7.920,00","€ 7.920,00"
Dati dimostrativi,2022,"€ 24.720,00","33,00","€ 8.157,60","€ 16.275,60"
Dati dimostrativi,2023,"€ 25.461,60","33,00","€ 8.402,33","€ 24.677,93"
Dati dimostrativi,2024,"€ 26.225,45","33,00","€ 8.654,40","€ 33.332,33"
Dati dimostrativi,2025,"€ 27.012,21","33,00","€ 8.914,03","€ 42.246,36"
Dati dimostrativi,2026,"€ 27.417,39","33,00","€ 9.047,74","€ 51.294,10"
Dati dimostrativi,2027,"€ 27.828,65","33,00","€ 9.183,45","€ 60.477,55"
Dati dimostrativi,2028,"€ 28.246,08","33,00","€ 9.321,21","€ 69.798,76"
Dati dimostrativi,2029,"€ 28.669,77","33,00","€ 9.461,02","€ 79.259,78"
Dati dimostrativi,2030,"€ 29.099,82","33,00","€ 9.602,94","€ 88.862,72"
Dati dimostrativi,2031,"€ 29.536,32","33,00","€ 9.746,99","€ 98.609,71"
Dati dimostrativi,2032,"€ 29.979,36","33,00","€ 9.893,19","€ 108.502,90"
Dati dimostrativi,2033,"€ 30.429,05","33,00","€ 10.041,59","€ 118.544,49"
Dati dimostrativi,2034,"€ 30.885,49","33,00","€ 10.192,21","€ 128.736,70"
Dati dimostrativi,2035,"€ 31.348,77","33,00","€ 10.345,09","€ 139.081,79"
Dati dimostrativi,2036,"€ 31.819,00","33,00","€ 10.500,27","€ 149.582,06"
Dati dimostrativi,2037,"€ 32.296,29","33,00","€ 10.657,78","€ 160.239,84"
Dati dimostrativi,2038,"€ 32.780,73","33,00","€ 10.817,64","€ 171.057,48"
Dati dimostrativi,2039,"€ 33.272,44","33,00","€ 10.979,91","€ 182.037,39"
Dati dimostrativi,2040,"€ 33.771,53","33,00","€ 11.144,60","€ 193.181,99"
Dati dimostrativi,2041,"€ 34.278,10","33,00","€ 11.311,77","€ 204.493,76"
Dati dimostrativi,2042,"€ 34.792,27","33,00","€ 11.481,45","€ 215.975,21"
Dati dimostrativi,2043,"€ 35.314,15","33,00","€ 11.653,67","€ 227.628,88"
Dati dimostrativi,2044,"€ 35.843,86","33,00","€ 11.828,47","€ 239.457,35"
Dati dimostrativi,2045,"€ 36.381,52","33,00","€ 12.005,90","€ 251.463,25"
Dati dimostrativi,2046,"€ 36.927,24","33,00","€ 12.185,99","€ 263.649,24"
Dati dimostrativi,2047,"€ 37.481,15","33,00","€ 12.368,78","€ 276.018,02"
Dati dimostrativi,2048,"€ 38.043,37","33,00","€ 12.554,31","€ 288.572,33"
Dati dimostrativi,2049,"€ 38.614,02","33,00","€ 12.742,63","€ 301.314,96"
Dati dimostrativi,2050,"€ 39.193,23","33,00","€ 12.933,77","€ 314.248,73"
Dati dimostrativi,2051,"€ 39.781,13","33,00","€ 13.127,77","€ 327.376,50"
Dati dimostrativi,2052,"€ 40.377,85","33,00","€ 13.324,69","€ 340.701,19"
Dati dimostrativi,2053,"€ 40.983,52","33,00","€ 13.524,56","€ 354.225,75"
Dati dimostrativi,2054,"€ 41.598,27","33,00","€ 13.727,43","€ 367.953,18"
Dati dimostrativi,2055,"€ 42.222,24","33,00","€ 13.933,34","€ 381.886,52"
Dati dimostrativi,2056,"€ 42.855,57","33,00","€ 14.142,34","€ 396.028,86"
Dati dimostrativi,2057,"€ 43.498,40","33,00","€ 14.354,47","€ 410.383,33"
Dati dimostrativi,2058,"€ 44.150,88","33,00","€ 14.569,79","€ 424.953,12"
Dati dimostrativi,2059,"€ 44.813,14","33,00","€ 14.788,34","€ 439.741,46"
Dati dimostrativi,2060,"€ 45.485,34","33,00","€ 15.010,16","€ 454.751,62"
Dati dimostrativi,2061,"€ 46.167,62","33,00","€ 15.235,31","€ 469.986,93"
Dati dimostrativi,2062,"€ 46.860,13","33,00","€ 15.463,84","€ 485.450,77"
Dati dimostrativi,2063,"€ 47.563,03","33,00","€ 15.695,80","€ 501.146,57"
Dati dimostrativi,2064,"€ 48.276,48","33,00","€ 15.931,24","€ 517.077,81"
Dati dimostrativi,2065,"€ 49.000,63","33,00","€ 16.170,21","€ 533.248,02"
Dati dimostrativi,2066,"€ 49.735,64","33,00","€ 16.412,76","€ 549.660,78"
Dati dimostrativi,2067,"€ 50.481,67","33,00","€ 16.658,95","€ 566.319,73"
Dati dimostrativi,2068,"€ 51.238,90","33,00","€ 16.908,84","€ 583.228,57"
Dati dimostrativi,2069,"€ 52.007,48","33,00","€ 17.162,47","€ 600.391,04"
Dati dimostrativi,2070,"€ 52.787,59","33,00","€ 17.419,90","€ 617.810,94"
